{"entity_ranks": {"E450561": [0.712121212121212, 3.1325965556768156], "E14915": [0.293859649122807, 3.132596555676821], "E6070": [0.2908119658119657, 3.1325965556769044], "E3455": [0.0980392156862745, 3.132596555676976], "E1354431": [0.09706959706959706, 3.1325965556769764], "E5730": [0.09523809523809523, 3.132596555677042], "E33": [0.09365079365079365, 3.132596555676858], "E5741": [0.08585858585858586, 3.13259655567708], "E68757": [0.08333333333333333, 3.1325965556769], "E4433": [0.07905982905982906, 3.132596555677027], "E1448290": [0.07142857142857142, 3.132596555676957], "E3185": [0.06825396825396825, 3.1325965556770416], "E1053": [0.06825396825396825, 3.1325965556770257], "E62687": [0.06825396825396825, 3.132596555676951], "E6097": [0.06825396825396825, 3.1325965556768556], "E2699": [0.06666666666666667, 3.1325965556770017], "E800434": [0.06666666666666667, 3.132596555676891], "E5732": [0.05555555555555555, 3.1325965556769155], "E2054570": [0.05555555555555555, 3.1325965556768467], "E3436": [0.047619047619047616, 3.132596555676869], "E4038": [0.041666666666666664, 3.132596555676939], "E6211": [0.0392156862745098, 3.132596555676847], "E2473": [0.030303030303030304, 3.132596555677031], "E4155": [0.030303030303030304, 3.1325965556769977], "E3736": [0.030303030303030304, 3.1325965556769826], "E673": [0.030303030303030304, 3.1325965556769813], "E4959": [0.027777777777777776, 3.13259655567703], "E3415": [0.027777777777777776, 3.132596555677025], "E678": [0.027777777777777776, 3.1325965556769435], "E352220": [0.027777777777777776, 3.132596555676938], "E758895": [0.027777777777777776, 3.132596555676891], "E581051": [0.027777777777777776, 3.132596555676828], "E34": [0.025641025641025644, 3.1325965556770425], "E1056": [0.025641025641025644, 3.132596555677007], "E942600": [0.025641025641025644, 3.1325965556769977], "E4157": [0.025641025641025644, 3.132596555676993], "E1620348": [0.025641025641025644, 3.1325965556769906], "E2463": [0.025641025641025644, 3.1325965556769533], "E1760621": [0.025641025641025644, 3.132596555676887], "E1354433": [0.025641025641025644, 3.1325965556768622], "E4912": [0.025641025641025644, 3.132596555676852], "E1975295": [0.025641025641025644, 3.1325965556768445], "E5289": [0.023809523809523808, 3.132596555676895], "E1000362": [0.023809523809523808, 3.1325965556768707], "E4153": [0.022222222222222223, 3.132596555676955], "E554860": [0.022222222222222223, 3.132596555676927], "E3745": [0.022222222222222223, 3.1325965556768307], "E1482643": [0.020833333333333332, 3.1325965556769195], "E12615": [0.0196078431372549, 3.1325965556770266], "E5181": [0.0196078431372549, 3.132596555676829], "E1689": [0.014492753623188406, 3.1325965556769066], "E10753": [0.014492753623188406, 3.1325965556768636], "E1462": [0.014492753623188406, 3.132596555676859], "E676": [0.011904761904761904, 3.1325965556767965], "E16379": [0.009259259259259259, 3.1325965556769404], "E4419": [0.0, 3.132596555677184], "E66808": [0.0, 3.1325965556770954], "E5733": [0.0, 3.1325965556770803], "E69549": [0.0, 3.132596555677076], "E859343": [0.0, 3.132596555677072], "E2181": [0.0, 3.1325965556770714], "E5284": [0.0, 3.1325965556770647], "E3733": [0.0, 3.1325965556770585], "E671": [0.0, 3.1325965556770563], "E66724": [0.0, 3.1325965556770554], "E94278": [0.0, 3.1325965556770554], "E1462975": [0.0, 3.132596555677046], "E4130": [0.0, 3.132596555677042], "E3692": [0.0, 3.1325965556770416], "E4415": [0.0, 3.132596555677041], "E5169": [0.0, 3.1325965556770354], "E642554": [0.0, 3.1325965556770345], "E1964": [0.0, 3.1325965556770337], "E580112": [0.0, 3.132596555677033], "E4107": [0.0, 3.1325965556770323], "E15018": [0.0, 3.1325965556770328], "E4135": [0.0, 3.1325965556770248], "E758887": [0.0, 3.1325965556770243], "E6574": [0.0, 3.132596555677018], "E1042": [0.0, 3.1325965556770137], "E3734": [0.0, 3.132596555677013], "E570524": [0.0, 3.1325965556770083], "E675": [0.0, 3.132596555677008], "E466703": [0.0, 3.1325965556770083], "E5286": [0.0, 3.132596555677007], "E2705": [0.0, 3.1325965556770052], "E5295": [0.0, 3.1325965556770043], "E2476": [0.0, 3.1325965556770017], "E2843": [0.0, 3.1325965556770003], "E643": [0.0, 3.132596555677], "E791521": [0.0, 3.132596555676998], "E3751": [0.0, 3.132596555676996], "E4407": [0.0, 3.1325965556769955], "E4312": [0.0, 3.132596555676995], "E2209": [0.0, 3.132596555676994], "E5737": [0.0, 3.1325965556769932], "E1354440": [0.0, 3.1325965556769915], "E3452": [0.0, 3.13259655567699], "E5300": [0.0, 3.1325965556769892], "E5277": [0.0, 3.132596555676989], "E91632": [0.0, 3.1325965556769875], "E4464": [0.0, 3.132596555676984], "E680": [0.0, 3.1325965556769795], "E496672": [0.0, 3.132596555676975], "E4137": [0.0, 3.1325965556769737], "E1684": [0.0, 3.1325965556769733], "E3731": [0.0, 3.132596555676973], "E758898": [0.0, 3.132596555676973], "E3416": [0.0, 3.1325965556769706], "E669": [0.0, 3.1325965556769666], "E3737": [0.0, 3.132596555676963], "E1354437": [0.0, 3.132596555676961], "E6077": [0.0, 3.1325965556769595], "E1504487": [0.0, 3.1325965556769577], "E1016": [0.0, 3.132596555676957], "E677": [0.0, 3.1325965556769564], "E2229": [0.0, 3.1325965556769537], "E4467": [0.0, 3.1325965556769506], "E2213": [0.0, 3.132596555676945], "E5198": [0.0, 3.132596555676945], "E5282": [0.0, 3.1325965556769417], "E4896": [0.0, 3.132596555676934], "E4408": [0.0, 3.1325965556769315], "E1036": [0.0, 3.1325965556769293], "E3749": [0.0, 3.1325965556769213], "E1978": [0.0, 3.1325965556769186], "E1047": [0.0, 3.132596555676917], "E3755": [0.0, 3.1325965556769138], "E28": [0.0, 3.132596555676913], "E580056": [0.0, 3.1325965556769093], "E5735": [0.0, 3.1325965556769044], "E2698": [0.0, 3.1325965556768955], "E953497": [0.0, 3.132596555676895], "E2272342": [0.0, 3.132596555676892], "E3447": [0.0, 3.1325965556768893], "E80818": [0.0, 3.132596555676889], "E5595": [0.0, 3.132596555676889], "E5234": [0.0, 3.1325965556768884], "E1463552": [0.0, 3.1325965556768876], "E12": [0.0, 3.1325965556768836], "E5280": [0.0, 3.132596555676883], "E668": [0.0, 3.1325965556768796], "E2708": [0.0, 3.1325965556768787], "E1057": [0.0, 3.132596555676874], "E3757": [0.0, 3.132596555676874], "E1364231": [0.0, 3.132596555676871], "E93997": [0.0, 3.13259655567687], "E62906": [0.0, 3.132596555676868], "E3448": [0.0, 3.1325965556768662], "E3750": [0.0, 3.1325965556768645], "E3451": [0.0, 3.1325965556768636], "E1045": [0.0, 3.1325965556768582], "E3427": [0.0, 3.1325965556768582], "E6207": [0.0, 3.1325965556768574], "E1687": [0.0, 3.1325965556768542], "E2700": [0.0, 3.132596555676853], "E2222": [0.0, 3.1325965556768507], "E4943": [0.0, 3.1325965556768476], "E662": [0.0, 3.1325965556768467], "E2866": [0.0, 3.1325965556768454], "E1352489": [0.0, 3.1325965556768436], "E2717": [0.0, 3.1325965556768427], "E1048": [0.0, 3.1325965556768414], "E1030": [0.0, 3.1325965556768414], "E1461534": [0.0, 3.132596555676841], "E6577": [0.0, 3.1325965556768405], "E758900": [0.0, 3.132596555676839], "E6096": [0.0, 3.1325965556768387], "E4143": [0.0, 3.132596555676836], "E5229": [0.0, 3.1325965556768343], "E1676": [0.0, 3.1325965556768316], "E5197": [0.0, 3.1325965556768303], "E5182": [0.0, 3.1325965556768267], "E672": [0.0, 3.1325965556768107], "E37": [0.0, 3.132596555676767], "E653": [0.0, 3.1325965556767583], "E5290": [0.0, 3.132596555676741]}, "mention_id": "0", "mention_text_features": [97645, 39386, 165632, 238342, 158216, 188479, 256084, 22193, 129813, 22193, 129813]}